{"stats":{"minecraft:killed":{"minecraft:villager":1},"minecraft:picked_up":{"minecraft:wheat":2,"minecraft:repeater":4,"minecraft:creeper_head":1,"minecraft:redstone_lamp":1,"minecraft:gunpowder":1,"minecraft:wheat_seeds":69,"minecraft:redstone_torch":5,"minecraft:chest":62,"minecraft:diamond_hoe":1,"minecraft:composter":2,"minecraft:stone_button":3,"minecraft:redstone":43,"minecraft:diamond_block":9,"minecraft:spruce_door":5,"minecraft:firework_rocket":1149,"minecraft:lever":8,"minecraft:polished_blackstone_button":1,"minecraft:bone_meal":2},"minecraft:crafted":{"minecraft:firework_star":3,"minecraft:hay_block":7,"minecraft:firework_rocket":195},"minecraft:dropped":{"minecraft:water_bucket":1,"minecraft:creeper_head":1,"minecraft:wheat_seeds":3,"minecraft:composter":64,"minecraft:comparator":64,"minecraft:spruce_door":1,"minecraft:acacia_stairs":1,"minecraft:lava_bucket":1,"minecraft:redstone_lamp":1,"minecraft:dirt":1,"minecraft:gunpowder":1,"minecraft:stone_button":1,"minecraft:mangrove_wood":1,"minecraft:repeater":2,"minecraft:quartz_block":2,"minecraft:chest":62,"minecraft:redstone_torch":65,"minecraft:bone_meal":2,"minecraft:scaffolding":1,"minecraft:redstone":71},"minecraft:custom":{"minecraft:mob_kills":1,"minecraft:interact_with_anvil":1,"minecraft:interact_with_crafting_table":25,"minecraft:open_barrel":13,"minecraft:bell_ring":1,"minecraft:pot_flower":2,"minecraft:leave_game":36,"minecraft:time_since_death":413511,"minecraft:climb_one_cm":2033,"minecraft:time_since_rest":413511,"minecraft:sprint_one_cm":276711,"minecraft:walk_one_cm":1282349,"minecraft:drop":32,"minecraft:damage_dealt":320,"minecraft:fly_one_cm":426589,"minecraft:talked_to_villager":5,"minecraft:open_chest":104,"minecraft:crouch_one_cm":4458,"minecraft:play_time":413511,"minecraft:sneak_time":3049,"minecraft:interact_with_lectern":3,"minecraft:jump":1113,"minecraft:walk_on_water_one_cm":24,"minecraft:total_world_time":552201,"minecraft:inspect_dispenser":30},"minecraft:mined":{"minecraft:composter":2},"minecraft:used":{"minecraft:netherite_sword":4,"minecraft:mangrove_wood":2,"minecraft:wheat_seeds":57,"minecraft:water_bucket":9,"minecraft:dark_oak_stairs":2,"minecraft:cherry_sapling":1,"minecraft:chiseled_bookshelf":2,"minecraft:writable_book":3,"minecraft:dirt_path":54,"minecraft:cow_spawn_egg":2,"minecraft:light_blue_glazed_terracotta":10,"minecraft:spruce_door":16,"minecraft:birch_planks":389,"minecraft:dispenser":6,"minecraft:spruce_slab":90,"minecraft:redstone":274,"minecraft:mangrove_planks":76,"minecraft:oak_sign":3,"minecraft:mangrove_button":2,"minecraft:orange_tulip":1,"minecraft:spruce_planks":58,"minecraft:decorated_pot":2,"minecraft:chest":14,"minecraft:sandstone":55,"minecraft:redstone_block":2,"minecraft:composter":4,"minecraft:stripped_jungle_wood":29,"minecraft:stripped_birch_wood":61,"minecraft:bell":2,"minecraft:quartz_stairs":12,"minecraft:grass":5,"minecraft:spruce_fence_gate":2,"minecraft:anvil":3,"minecraft:dirt":5,"minecraft:sand":16,"minecraft:target":1,"minecraft:comparator":4,"minecraft:white_carpet":11,"minecraft:oak_slab":10,"minecraft:crafting_table":9,"minecraft:spruce_stairs":258,"minecraft:birch_sign":5,"minecraft:golden_chestplate":1,"minecraft:piglin_head":1,"minecraft:spruce_fence":48,"minecraft:spruce_log":21,"minecraft:book":3,"minecraft:oak_fence_gate":1,"minecraft:dark_oak_door":4,"minecraft:light_weighted_pressure_plate":2,"minecraft:dark_oak_planks":31,"minecraft:birch_door":1,"minecraft:redstone_torch":63,"minecraft:jungle_sapling":4,"minecraft:sticky_piston":12,"minecraft:glass":110,"minecraft:stone_brick_slab":121,"minecraft:lever":79,"minecraft:flower_pot":2,"minecraft:birch_hanging_sign":1,"minecraft:acacia_stairs":3,"minecraft:villager_spawn_egg":2,"minecraft:lava_bucket":1,"minecraft:netherite_shovel":64,"minecraft:bricks":115,"minecraft:bookshelf":11,"minecraft:quartz_pillar":10,"minecraft:birch_slab":49,"minecraft:command_block":38,"minecraft:heavy_weighted_pressure_plate":4,"minecraft:quartz_slab":18,"minecraft:spruce_wood":10,"minecraft:lantern":14,"minecraft:grass_block":26,"minecraft:stone_button":6,"minecraft:brown_stained_glass":1,"minecraft:oak_button":2,"minecraft:polished_andesite_stairs":13,"minecraft:quartz_block":1440,"minecraft:chicken_spawn_egg":2,"minecraft:lectern":3,"minecraft:netherite_hoe":8,"minecraft:oak_pressure_plate":3,"minecraft:gravel":1,"minecraft:barrel":3,"minecraft:stone_brick_stairs":106,"minecraft:stone_bricks":37,"minecraft:birch_button":1,"minecraft:repeater":95,"minecraft:red_carpet":50,"minecraft:redstone_lamp":45,"minecraft:brown_carpet":9,"minecraft:hay_block":4,"minecraft:scaffolding":10,"minecraft:oak_sapling":2,"minecraft:furnace":1,"minecraft:stripped_oak_wood":39,"minecraft:white_stained_glass":6,"minecraft:smooth_stone_slab":2,"minecraft:yellow_bed":2,"minecraft:polished_blackstone_button":2,"minecraft:stone_pressure_plate":5,"minecraft:stripped_oak_log":7,"minecraft:smooth_stone":3,"minecraft:bone_meal":36,"minecraft:birch_stairs":34,"minecraft:dark_oak_sapling":4}},"DataVersion":3465}